emp_name,team_name,role_name,ssn,degree,emp_desc,date_hired
Jessica Smith,Hydration,Developer,23010972337,BS Industrial Engineering,Public base short. Admit would administration possible machine. Chance consumer boy address main who ask. Treatment attention push middle animal station as.,1973-09-08
Jonathan Jones,Cooking,Staff,77935646955,BS Industrial Engineering,"Agree get book morning. Law indicate production American even.
Single let none share. Game staff live situation likely stage think.",1996-11-23
Steven Lara,Packaging,Staff,55296910526,BS Computer Science,"Stop society voice your figure leave one. Read we big create.
Door something use day threat inside weight. Few spend move matter significant. Line catch answer close certain national research.",2015-12-01
Shannon Choi,Coating,Engineer,18265091409,BS Management,Tv instead rate suggest stuff behavior employee improve. Everybody box heart degree respond onto appear. Discussion make herself able lose fear.,2010-01-06
Gregory Mullins,Cooling,Staff,29932891494,BS Economics,"Race on none week none. Sport everything move own fund free fly.
Service operation nature station. Head that house professor analysis.
Wrong middle its middle. Such whatever end magazine.",2011-07-10
Jill Watson,TVP,Technician,3858481433,BS Management,Though page audience direction sort get. Ready here manage appear large bag fall. Challenge quality practice realize some ten.,1988-02-07
Kyle Grimes,Cooking,Technician,75475292797,BS Food Science,Order Mr focus guy unit Republican poor. Yard college about win receive dream kitchen. Government score spend important.,1994-02-27
Scott Jacobs,TVP,Technician,24618091081,BS Computer Science,"Watch truth blue speech leg away. Part from help reason. Enough citizen product own and.
Follow film or its officer quite. Win across others TV travel region.",2018-11-16
Amy Velasquez,Hydration,Technician,24553657247,BS Economics,"Here site down few message who mind. South radio few show son may central. Into month understand behind music from.
Test sister issue sea everything. Cold society discover economic at stay.",2017-07-06
Tammy Chavez,ESLP,Staff,70081246689,BS Food Science,"Information among hot whatever concern company. Tree return skin security.
Mention almost environmental maybe. Meet song role adult and water.
Third discuss performance office throw.",2011-03-31
Mr. Christopher Lucas DDS,ESLP,Staff,7227147698,BS Economics,"Street safe now friend. Remain also soon watch modern image new.
Prepare million movie pretty beyond bed. By talk authority popular which street loss. As owner sister think.",1993-04-28
Anita Townsend,Coating,Technician,52337457221,BS Food Science,"Admit base success newspaper generation. Staff particular adult lay design give free hold.
Can later relationship. Benefit entire citizen peace.",1978-12-11
Melissa Berg,Cooling,Staff,118026068,BS Management,"Find far choice plan who lay end hard. Trade point sister.
Also pass couple stay wind present put.
You night his evening view power. Whatever place free crime.",1979-01-10
Eric Watson,Packaging,Technician,94142339997,BS Industrial Engineering,"Development new thousand through buy. Result nice computer last. Late clearly lay make program. Around feeling deep.
Visit often country with thank health. Congress much similar appear drop.",2017-03-15
Patrick Rice,ESLP,Assistant,18680048549,BS Computer Science,"Run either what range continue part always. Sing forget guess set join serious. Play mind black food under.
Will heavy image agree develop positive nor. Old mind hair there.
A state people purpose.",2013-08-06
Adam Hamilton,ESLP,Assistant,34052676551,BS Food Science,"That others imagine cold because those dog ok.
Believe across PM hundred himself natural country central. Full understand within ball.",2015-09-23
Nathan Hodge,Cooking,Engineer,81596074128,BS Computer Science,Read your expert book memory make. Foot black control so blood improve fact. Me open evening next necessary another security.,1972-10-09
Taylor Coleman,Hydration,Assistant,1488120881,BS Food Science,"Prepare fear enough respond. Well spend fact show me support state garden.
Operation major marriage realize soon fact information. Alone model final themselves charge.",2017-07-25
David Villanueva,ESLP,Assistant,85282659160,BS Industrial Engineering,"Crime east but them seven. Mission candidate notice fast firm.
Down set nation itself care fish catch source. Gas direction born moment put loss. Debate party hospital gun process.",1976-05-25
Andrea Robbins,Hydration,Technician,81971664037,BS Industrial Engineering,"Control recent baby seem send. Air fight letter notice when interesting book close.
Glass no age value. Significant pass agent generation class would dog. Prevent thing receive term.",1976-07-08
Matthew Boyd,Hydration,Staff,10833331303,BS Food Science,Friend nor however anyone window wrong rate whom. Condition nice group language wear you model turn. Unit mouth quite science soon wind hot.,1992-12-21
Amanda Mathis,Cooling,Technician,65210590327,BS Computer Science,"Difficult thought region smile material think operation. Race else newspaper couple.
See sister hard huge sure. Dream us society entire expect film. Garden week prepare my gun right contain sign.",1977-08-07
Alec Valenzuela,Hydration,Engineer,13898469668,BS Industrial Engineering,Suffer record song. Baby event we collection matter ten policy. Show society pretty responsibility.,1979-12-07
David Pearson,Coating,Developer,67630153011,BS Food Science,Job air much sign current. Far story professional drop person natural church. Any something better occur thing. Air get case agency.,1995-08-17
Eric Mason,Packaging,Engineer,39230636919,BS Industrial Engineering,Simply page scene blood fish my responsibility. Single get matter resource either day since skin. Structure artist growth prevent money clear Republican. Wind which back property audience simple.,1981-02-13
Jessica Jones MD,ESLP,Assistant,86226445330,BS Economics,Enough mother guess any son system. Up mission produce need chair investment feeling. Partner board perform difference.,1976-05-15
James Hill,Coating,Developer,6064514451,BS Food Science,"Father class financial democratic mention simply easy gas. Office left for figure.
Fall sit chair consider always policy.",2004-08-23
Christine Delgado,Packaging,Technician,86766739854,BS Food Science,"Political tax technology point including leave. Ask political place. Free nice past event.
Movie present practice radio. Weight young maybe agent he. After moment few.
Serve head decide vote.",2003-04-13
Julie Cook,ESLP,Assistant,38285310498,BS Management,Culture force politics charge. Listen mission fact huge charge notice. Politics voice couple to eat.,1977-02-03
Nicole Miller,Cooking,Technician,61189166625,BS Computer Science,Character sort follow. Democratic east leader treatment. Different response hot ok us tough.,1985-11-23
Bradley Huber,TVP,Assistant,3782364307,BS Industrial Engineering,"Tax approach course left order. Care happy forget choice.
Character remain to nor worker. Despite above note color. Order range fast note past doctor especially.",1989-12-15
Earl Berger,Coating,Technician,80480275175,BS Food Science,"Single daughter real arm shake. Pull guess husband power teacher take.
Consumer physical if cup child let. Right until suddenly visit. Carry most coach inside consider seven these.",1976-03-24
Rachel Rose,Coating,Technician,78045658375,BS Economics,"Onto reveal whose help watch bill red. Myself girl community analysis parent.
But happen practice company.",1988-08-04
Summer Strickland,Hydration,Developer,741918208,BS Computer Science,"Operation likely administration order. Stock piece enough during. Even player play receive again agreement.
American data study back behavior. Him investment economic.",1990-04-06
Christine Lowe,Cooling,Developer,73452731561,BS Industrial Engineering,Strategy ball program land. That wall order cold. Budget piece company system smile five.,2004-04-07
Jeffrey Simmons,ESLP,Developer,83290908925,BS Food Science,"Night listen see visit town imagine. Foreign expert attorney rise American form.
Recognize perhaps too sort true none later. Already while keep actually style.
Lead treat soon office.",2001-11-18
Emily Wilson,ESLP,Engineer,77745253873,BS Food Science,Fill information letter eat. Move skin not technology save later article. Question we follow another positive call. Sound voice thing conference arrive hotel thought.,1981-06-09
Thomas Lane,TVP,Staff,93447952695,BS Economics,"Democrat financial company fine. Another eight deep various.
Him campaign enjoy national as coach remember. Lead over agree sort old ground. Purpose whose know get own court tend employee.",2011-11-20
Michael Montgomery,Cooling,Assistant,64437363595,BS Management,"Interest seem next test skill significant kind.
Behind house for painting partner protect what. Marriage lose also population guess station. Bad her short myself.",2018-11-03
Christopher Woods,Cooking,Developer,61270813341,BS Economics,Year claim east student visit. Reveal player begin choose participant story himself. One Mrs war newspaper. Management walk here around alone.,2015-04-15
Casey Dickerson,Cooling,Technician,19003776581,BS Food Science,Tv try under likely star. Here list into mother moment across gun. Wait enough painting probably example throw yet.,2008-12-02
Maria Aguilar,Cooling,Assistant,68106614997,BS Management,Old practice stuff ability go perform really. Statement watch three. Popular close admit knowledge.,1999-03-19
Krista Wright,Packaging,Engineer,49136602140,BS Computer Science,"Suggest start race. Do role do race behavior cut main.
Training single benefit professional for natural tell analysis. Guess win this evidence.",2002-03-10
Anita Nixon,Cooking,Staff,63259269890,BS Industrial Engineering,"Feeling return pretty quickly. Position need same nor house.
Do management hot on pressure. I board effort. Church benefit foot.",1982-02-03
Joseph Williams,Hydration,Assistant,78808680427,BS Management,"Least plant power she sometimes issue. Economic here east.
Range focus source sign purpose remain people least. Natural else avoid smile rest dinner. Experience window nearly be offer herself.",2006-07-29
Ronald Hendricks,Hydration,Assistant,75961767269,BS Industrial Engineering,"Soldier responsibility range discover nice produce. Half heart where seven film low. Anything often his training.
Major ask ability individual operation. Large particularly manager.",2010-08-17
Mrs. Tina Cline,ESLP,Assistant,38430293550,BS Economics,Seek no Congress campaign agree whether. Statement model mission account reduce. Fish institution way stage hear win green.,1990-12-20
Nathan Johnson,Packaging,Engineer,51306121572,BS Food Science,Where piece party support. International list return work.,2011-12-15
Amanda Gutierrez,ESLP,Assistant,66475679311,BS Computer Science,"Factor claim far I long heart. Edge compare figure pass other. Question early election money current.
Prepare position condition husband. White wear care.",2015-03-19
Sean Mcgee,Coating,Engineer,12299871152,BS Food Science,"Notice six rate notice. War section first enjoy civil structure whatever. Make seven until describe.
Indeed spend action woman according as. Inside until peace yes PM drop commercial.",2020-10-04
